{"centroid": 2187.553007654301, "hf_ratio": 0.155598983168602, "mfccs": [-359.4967041015625, 150.83026123046875, -11.015971183776855, 46.00566482543945, 12.880705833435059, 26.060232162475586, 4.410792827606201, 4.513322353363037, -7.3031134605407715, 11.410834312438965, -0.8923250436782837, 8.179121017456055, -7.597686767578125], "sample_rate": 44100, "duration": 2.043356009070295}